id,latitude,longitude,additional_points
25,10.65,80.51,"[[10.860157717666388, 80.0270737900838], [10.663854271473364, 80.59603822966875], [10.241285004236422, 80.59610955011881], [10.940819145291906, 80.09552476992224], [11.016704686109264, 80.48132693483822], [10.181428518924863, 80.12083169096171], [10.491184749069584, 80.33869385430741], [10.543741426942937, 80.7061251463242], [10.918166359501532, 80.67025537193337], [10.444757022407767, 80.35442744559957]]"
27,13.76,64.49,"[[14.086410055410743, 64.12123225933352], [14.079666008280741, 64.69639849362123], [14.163947362109363, 63.992017952880694], [13.576161826306452, 64.68827034278507], [13.569634213458707, 64.94471791279436], [13.675721391761481, 64.64072385836349], [14.086039890017407, 64.01777366011734], [14.03770562217344, 63.999084879950786], [13.348395293942424, 64.49819358977157], [13.403936683124941, 64.34881208140011]]"
28,10.31,52.1,"[[10.169742908555289, 52.21549024345599], [10.26936612294182, 51.70024814464862], [10.524217683141064, 52.461113322683076], [10.623796162832246, 52.48843687493674], [10.483982476122744, 52.298030743900114], [10.183028327899176, 51.77614590130156], [10.36641311622028, 52.32353758954629], [10.471051604404293, 51.88451093958429], [10.016807443898426, 52.09295724205929], [10.362989612534275, 51.68286604265321]]"
30,12.96,84.83,"[[12.567520850459298, 84.6654705632922], [13.116653022624002, 84.85421829820142], [12.961239073066775, 84.60210632502147], [13.395577293119127, 84.46202249919362], [12.752068802343041, 84.52843068381401], [13.197997374411889, 84.37640194649029], [12.595718432226578, 84.65346968916772], [12.646705090351443, 85.11087725961126], [13.292766430025079, 84.64319413038083], [13.120348013997296, 84.53423508025203]]"
30(1),9.0,80.1,"[[8.725302364183543, 80.34483442900796], [9.215406973737041, 79.82220760241148], [8.949099207940119, 79.97184591224335], [9.094742016633774, 80.55643945368246], [8.711184702508843, 80.20185796253854], [9.41769726222348, 80.23479705654391], [8.893909208565244, 80.38806954348699], [8.976752223923286, 80.25682456185656], [8.828260034373931, 79.67047041994337], [8.921267261409271, 80.11275467996123]]"
31,15.25,83.75,"[[15.377800343206584, 83.50066348714795], [15.187476560249799, 83.58900018908611], [14.84919294864096, 83.59495901437762], [15.566266754082726, 83.76629823297758], [14.914165844243849, 84.04105462672167], [14.84136193536502, 83.75917658702537], [14.967094569946852, 83.87732988127624], [15.008690229832778, 83.3222689017264], [14.81526089015095, 84.23668780488475], [15.122043001515808, 84.05412969066327]]"
32,13.04,16.74,"[[12.76125924251145, 16.40836646586077], [13.344969903929979, 16.317833866323006], [13.487101224919611, 16.882148018115487], [13.301416826917952, 16.245421400100977], [12.907989630436534, 16.290846022769962], [12.68213754548239, 16.920007984523824], [13.303631110961213, 16.333769743574738], [12.676250139844688, 16.603271726216192], [12.858046846728048, 17.141251362369513], [12.834970396568794, 16.877365159915662]]"
32(1),22.7,68.15,"[[22.990245599557348, 68.5651787086469], [22.496643367782962, 67.705259071587], [22.59137028497951, 68.31310763480208], [22.4136697140923, 68.5994963633445], [22.23894895699056, 68.13108809854526], [22.641165187114737, 68.47532544558007], [22.274583307714494, 68.31637136153009], [22.63684738469817, 67.95241225431892], [22.874899691611787, 68.57752544040511], [22.847073476776128, 68.38605350818331]]"
33,15.57,84.28,"[[15.668845446579839, 84.15620754083571], [15.536959228341859, 84.40095000378024], [15.668710075780032, 83.83921824850059], [15.454925880948137, 84.28551123588305], [15.43619412918999, 84.64428444308865], [15.73760699634499, 84.2622111696422], [15.980146704537189, 84.51698069872029], [15.73337957408107, 84.34153335048016], [15.525388852288994, 84.21064158318055], [15.174011700768524, 83.91463714485452]]"
33(1),8.1,53.1,"[[8.07199733860096, 52.881083404105574], [7.632778142709831, 53.382126214605506], [7.890630422279396, 53.51464205953609], [8.378626770835938, 52.725990172142055], [8.510734349363982, 53.30026060766637], [8.114295482764163, 53.35283660170872], [8.097777583217951, 53.50963416251108], [7.908558732079847, 53.13198338437613], [8.279609610925363, 53.10411437519028], [8.587403745605336, 52.71495859771949]]"
33(2),7.8,86.2,"[[7.8751094044495265, 85.72601104390472], [7.36646860020804, 85.7415770521183], [8.23344987533513, 86.42661264328306], [7.929348907674367, 86.10127065641561], [8.239174131507264, 85.79317631905236], [7.926497936101289, 85.74473783688823], [7.858005324133396, 86.68910970933995], [7.474652697952469, 85.95150776676705], [8.257479154797984, 86.59881472713755], [8.179601705408743, 85.72965299578478]]"
34,16.33,81.33,"[[16.08404102813394, 80.91121425851073], [16.139796528286244, 81.59307059849543], [16.35620496569138, 81.68422057804223], [16.212579224881438, 81.08904743995865], [16.176464749871478, 81.56313989272105], [16.085434732909267, 81.33430697936542], [16.162758101122467, 81.61620479076932], [16.20341762108364, 81.49344369237953], [16.25126561106157, 80.89069830655896], [16.734641014050588, 81.65604640150035]]"
34(1),17.94,88.07,"[[17.81941290346942, 88.29089055645073], [17.653970231452327, 87.73092456547441], [17.59665021905828, 87.77137426294235], [17.606698452729482, 87.95637019777605], [18.18874339312576, 88.09938859995063], [18.311154432256053, 88.05728930852997], [17.867358043915463, 88.14890614437192], [18.039345331079105, 87.66391815341241], [18.35120698608182, 88.29456405863604], [17.749376564848735, 88.0378035437047]]"
35,13.99,64.77,"[[13.726487706285813, 64.37028683728046], [14.28779442866564, 64.27124335216294], [14.395908200885474, 64.3009113326847], [13.643963297915139, 65.14663136829716], [13.786828584116998, 64.43639371496761], [14.45307000806078, 64.65830705447179], [14.019104854589013, 64.98240596960187], [13.49697332453398, 65.13723454132877], [13.817277496665941, 64.65194402319385], [13.72894989765702, 65.02037749022145]]"
35(1),13.16,59.5,"[[13.633987992568004, 59.82789185674901], [13.152804443814842, 59.44539678975551], [13.067590767947255, 59.00083406822222], [13.61634459452061, 59.97500150337411], [13.463558725610191, 59.418945616919075], [13.050623508509839, 59.66191591726187], [13.558384469671209, 59.65492489610749], [13.405479215911399, 59.37948978306072], [13.07641674979159, 59.23464497929446], [13.300709829916514, 59.616888298196656]]"
35(2),10.99,82.07,"[[11.420817375364754, 82.33998649467121], [11.147854018053613, 82.28216968924582], [11.254184824278628, 82.24700828751502], [10.630237306488338, 81.9129266927046], [10.784060070072266, 82.18013010864473], [10.873988778843042, 82.3316642856432], [11.041895662630486, 82.43174195033428], [11.042788737786207, 82.43830880802223], [11.472942491518696, 82.51224417359423], [11.221050135585331, 82.11031419479255]]"
35(3),22.7,69.55,"[[22.818054619442844, 69.96253128107253], [22.573788742725455, 69.05627162405847], [22.40480999976633, 69.64689367568727], [22.879560093586885, 69.9896847940376], [22.979434880717275, 69.30027912657296], [22.57293757773608, 69.3643754806422], [22.92162140252724, 69.27450887733937], [22.83868587119203, 69.3258047958156], [22.883349750002548, 69.98014448699763], [22.652839276987724, 69.19129336504896]]"
36,14.68,47.64,"[[14.471883866244717, 47.60632290291646], [14.30417947995421, 47.70237033241126], [15.163028717273926, 47.9082751349571], [14.266017613043719, 48.04571709910082], [15.067706389890395, 48.00303199365777], [14.368979691443856, 47.36433093306554], [14.771907614295955, 48.03880610187238], [14.70098526909648, 47.72437209981365], [14.50227402717367, 47.8041158372977], [14.965069657538459, 47.773404129737976]]"
36(1),10.58,80.41,"[[10.298046881647679, 80.54465154247221], [10.780682064892694, 80.457627954757], [10.121002087379823, 80.1126651558759], [10.728911908502806, 80.25966528738729], [10.133375328310894, 79.99444423880165], [10.943155060797727, 80.47015930930716], [10.661903131588764, 80.43953773705117], [10.342138889897646, 80.55935978137538], [11.02243958722351, 80.22712497502545], [11.069848101484164, 80.04086706797787]]"
36(2),6.97,56.51,"[[7.202339054578435, 56.17804966973299], [6.791023867239165, 56.402499717753976], [7.352380763073184, 56.67457863815914], [7.063938598937286, 56.830191435635285], [6.627986650178719, 56.88444691192202], [6.844515747765019, 56.4439219471042], [7.437839577047689, 56.53734855109288], [7.076248762517857, 56.27935531029202], [6.888505828188202, 56.908676402540074], [6.658952897081671, 56.968583692546986]]"
36(3),9.64,56.21,"[[9.305519159567362, 56.53363250098022], [9.512855049950367, 56.39953485124986], [9.536215224308643, 56.035288009262295], [10.024547492736698, 55.90603106940124], [9.32342799004029, 56.6056723250018], [9.16658851536029, 55.89584850115479], [9.608668893989417, 56.23938335573021], [9.570476774952073, 55.793809479352575], [9.409088301428067, 56.2652143393863], [9.309863913217281, 56.316390020648]]"
37,12.87,85.25,"[[12.377564530986843, 84.83279644611433], [13.129737371793203, 84.99145113258224], [12.587557034705078, 85.64464977264898], [13.30664392667689, 85.60714936913664], [12.484371804403086, 85.42362709778007], [12.861713826756151, 85.184089039622], [12.796806176471955, 85.04816875576984], [13.248701228142833, 85.61810225274124], [12.67589110556942, 84.9599396501763], [12.52017172700522, 85.68607635893193]]"
38,14.33,89.54,"[[14.253191475920879, 89.65279319624261], [13.90434314528392, 89.83869784495482], [13.840021167724222, 89.97016612042131], [13.962841025103176, 89.62303779883574], [14.012761164075863, 89.08059249651923], [14.706468829235304, 89.37052802476423], [14.444695916093739, 89.21292378473522], [14.404233781564345, 89.86723799260785], [14.25906501580092, 89.64115203649513], [14.515388061697728, 89.88261362044612]]"
39,14.93,89.54,"[[14.944522810296633, 89.54034860996087], [15.326254213713849, 89.5492502014262], [14.619895587299114, 89.5999450985199], [14.545391346160729, 89.37185802490114], [15.399094674173702, 89.58973428875194], [14.641019931471606, 89.65706421585647], [14.761177855933793, 89.455691251216], [14.974607897807141, 89.94263225667765], [14.5848839971619, 89.04640856576569], [14.477502995454877, 89.12855106850031]]"
40,12.17,84.25,"[[12.204657826833492, 84.10906905860719], [11.697539271859304, 84.00717940939583], [12.513787749058444, 84.57447624595883], [12.009764290741638, 84.5536064922357], [12.226192021366737, 83.90736991282218], [11.837663423112854, 84.25731948509129], [12.108426455526315, 83.8410249197642], [12.455609697949432, 84.16957530809673], [12.413137648972643, 84.07544600326219], [12.097113777882809, 84.63246506024075]]"
40(1),16.7,88.32,"[[16.204502638991777, 88.22325612548477], [16.3934292389061, 88.30165721994345], [16.329526253513432, 88.20398425250893], [16.34819006666949, 88.31015467202508], [16.499985956805634, 87.8898145936259], [17.149409722967434, 88.22924211324454], [16.24574869632349, 87.86084088096271], [16.5269455080866, 87.86670449794642], [16.425458140274372, 88.61407865963311], [16.94530528710023, 88.60158669242198]]"
40(2),19.55,65.55,"[[19.494242656972833, 65.29252383714774], [19.626585425800435, 65.39484306038514], [19.55715985116801, 65.72616707206866], [19.40884753480508, 65.10636947494676], [19.916357110138527, 65.11272978838903], [19.40002859459301, 65.54876652678774], [19.82557477782387, 65.3661701379528], [19.343507013849873, 65.94121341528718], [19.335716123632064, 65.74909359336549], [19.542568009318984, 65.0990146805687]]"
40(3),15.3,90.0,"[[15.096690696306894, 90.27403452439194], [15.59969434858956, 90.04717737238376], [15.01960563730876, 89.88935678913488], [15.039169808381173, 90.42945771734875], [15.18652411572116, 89.68241157455314], [14.922219604235705, 89.63727394733694], [15.355936229720642, 89.74525880699372], [15.017585037238016, 90.18383555450788], [14.806786217508987, 90.46724584662061], [15.307287247323073, 90.28083798023225]]"
41,12.49,84.93,"[[12.474512220704264, 84.63773201413626], [12.839741928218597, 85.01166410909835], [12.39873252708758, 84.45694871734972], [12.397532848444936, 84.50807043471143], [12.545372305111504, 85.18222208617291], [12.933226935352545, 84.64511194046433], [12.682054256150133, 85.12864998573569], [12.610605638708286, 84.88417325048374], [12.702396241808088, 85.32240517425345], [12.606275159121829, 84.87755315976378]]"
42,7.25,77.51,"[[7.018509632582901, 77.07752885583855], [6.805568998468955, 77.75694113345897], [7.038832288372773, 77.26950990301899], [7.6161056944168415, 77.62604088513794], [7.505306201518019, 77.81211787029527], [7.095921773712734, 77.81709871326932], [7.076408525714802, 77.74926088335272], [7.244430713976021, 77.45714193243894], [6.895773484731584, 77.06412094054829], [7.098122629600709, 77.5670389067768]]"
42(3),16.5,84.7,"[[16.316975174944492, 84.79091211321574], [16.58557496928313, 84.54956619289085], [16.726828936575153, 84.95389590517244], [16.790525985903972, 84.2004679936912], [16.313859123191083, 84.40575498147292], [16.386061712730708, 84.80434970332028], [16.256695248764423, 85.0769691009233], [16.904708015149563, 84.41913327887194], [16.24387444771258, 85.11681684621031], [16.395731609986765, 84.78069463937173]]"
43,12.57,85.24,"[[12.754183380384822, 85.50921676103827], [12.856911555759902, 85.6249165843543], [12.937018531639325, 85.04159078663916], [13.057395342987691, 85.44632382510451], [12.408344880423519, 85.36891255289315], [12.275236139159983, 85.54806042629143], [12.704840763871722, 85.06823977619915], [12.518413197189048, 85.05983284287247], [12.596412552435453, 84.75380767395833], [12.978082460434216, 85.29907699054188]]"
43(2),24.23,58.95,"[[24.555564990865467, 58.6933317316334], [24.117992657673575, 58.93781429463481], [23.978814160115625, 58.486943844705316], [24.106544398544084, 58.636465908385276], [24.176612782563094, 58.647377587683955], [24.492376593563478, 58.600221651272214], [23.925898659473056, 59.03362014068999], [24.32713388757154, 59.04607040554491], [24.561055347216104, 58.81713108260198], [23.755254257913393, 58.61062465444424]]"
44,12.7,90.94,"[[12.257190315987227, 90.46960854442015], [12.393932406222, 91.30073340163685], [12.787861196744494, 90.87682932071168], [12.485011846795468, 90.58282044878024], [12.733346401820551, 91.32595590820446], [12.392004732648036, 91.13398012254353], [12.42967101324547, 90.64880137324691], [12.325920176982297, 90.67482498651269], [12.891912598500536, 91.0387525427711], [12.227811694493484, 90.97623488752313]]"
44(1),18.47,65.73,"[[17.99787674263319, 65.3560324516041], [18.673773461882757, 65.35854297221009], [18.608140493330392, 66.13359042819087], [18.965671373459724, 65.53159055640299], [18.873289947669562, 65.94562859159099], [18.376440230519485, 65.31546187061417], [18.406982078590527, 65.73158735741751], [18.66214754200889, 65.73934748361503], [18.54098613734461, 65.40091726178898], [18.752075078550043, 65.56662447617873]]"
44(2),13.41,86.68,"[[13.86633162217915, 86.24940868312362], [13.39072122813114, 86.9004199624288], [13.172659180041443, 87.07165587247255], [13.23930676359249, 86.58806448460696], [13.698930743014175, 87.16703432393449], [13.329180568035394, 86.58593697574675], [13.193982666861944, 86.49981747806069], [13.613984906833162, 87.08265054731406], [13.186837689976498, 86.92699362981939], [13.334721852157335, 86.36076629668523]]"
44(3),9.51,82.1,"[[9.441689728259657, 81.69142501507415], [9.090066466233981, 82.39559706898727], [9.330227904363547, 81.75160739936355], [9.258571195387894, 82.15948383216974], [9.614479714440675, 81.69931224083314], [9.069230939127069, 82.08221236848803], [9.271339895764521, 81.75470335806553], [9.077271164301106, 81.98553111815129], [9.063502979703834, 82.4828094719021], [9.170352187266674, 81.99488926825794]]"
45,14.37,84.69,"[[14.533893144485186, 84.57999087763389], [14.504285705738857, 84.28675758749117], [13.956266459665219, 84.9741051030259], [13.935881060691916, 85.00023112387049], [14.180843720836622, 84.97478693695554], [14.441783340381699, 84.99359920749028], [14.244499982834972, 84.63545591989048], [14.665927203550819, 84.33124686461753], [13.899791754578475, 84.81616857701917], [14.445546151168433, 85.08330330654226]]"
45(1),8.3,84.07,"[[8.012240886759566, 83.7337752714568], [8.508345859320146, 83.59892588397574], [7.876731611501817, 84.41046674794447], [8.519820014102589, 84.45601729558493], [7.8531977805114455, 83.80926508656592], [8.754615425271583, 83.74623781190586], [8.578019655399585, 84.50494144915002], [8.143354204057635, 83.64457695059383], [8.101398766664397, 84.09706020968414], [8.646054509405145, 84.12186143311256]]"
45(2),14.79,80.92,"[[14.99913823111872, 80.68064406037432], [14.926606445547339, 81.06171180754818], [14.400361498459786, 80.7426257501984], [14.709009662453612, 80.85712017568493], [14.701579638297485, 80.87974741714265], [14.758778190987364, 80.74168271205711], [14.785711197695436, 80.43989850850359], [14.884874941556312, 80.94393163754663], [14.456440122686521, 80.79207832965226], [15.120747506469677, 80.77956829584762]]"
45(3),20.16,59.89,"[[20.2874296001648, 59.54293136383492], [20.31306154679519, 59.91018164779852], [19.731909570260385, 60.089745122149075], [20.587990671388102, 59.96296599154779], [20.134474807155332, 60.18224595873339], [20.248853587451542, 59.549093237080776], [20.459880843566943, 59.730593669345225], [20.561932445384485, 59.48316282643649], [20.16936516419018, 59.97795510768986], [20.189191060015748, 59.53478059589972]]"
45(4),15.21,71.28,"[[15.696615535527847, 71.05432356723021], [15.590495717599627, 71.08458452762909], [15.026581775399524, 71.57769119096307], [15.21531336588105, 70.84276895873195], [15.55264434713324, 71.6419017395484], [15.356932480538815, 71.69140321079412], [15.678208395936888, 71.54539494224352], [15.354479051562695, 71.42258251555202], [15.581295615415835, 71.24159091005092], [14.948102625042482, 71.29144467284246]]"
46,17.51,64.27,"[[17.423625430178607, 64.2865541149262], [17.590375956457255, 64.52461888558352], [18.001651808441586, 64.32861671163683], [17.070376284075216, 64.14861004163181], [17.40177979356049, 64.22964456029008], [17.49437436820878, 64.17546174702343], [17.121346885421524, 64.12008311053457], [17.607302964242226, 64.32000622730494], [17.547934246593517, 64.20736323643376], [17.135560677404648, 64.50230415468627]]"
46(1),12.22,86.9,"[[12.719446033055588, 86.42303109455561], [12.517272057049182, 86.60807823433942], [11.989623384208166, 87.02913922766004], [11.934345617486972, 87.12671161745749], [11.950059410333886, 86.58458048076972], [11.960755577643676, 87.03621962021444], [12.050946627660707, 86.81886164440468], [12.192151898658617, 86.63260430784798], [12.372285757308704, 86.70217457716231], [12.35571790922271, 87.34253227306031]]"
46(2),15.92,89.6,"[[16.279666594997952, 89.46122210929316], [15.713649230004433, 89.83833780199967], [16.1706024203337, 89.72543335524341], [15.85616652097894, 89.15820658168899], [15.704074943077533, 89.29656071512026], [16.24465419155915, 89.8283259962721], [16.09728828205938, 90.0998036353528], [16.104136735969366, 89.18653260634521], [16.36869701548143, 89.39599282567788], [15.79271735348187, 90.07966683719283]]"
46(3),15.95,85.75,"[[15.957485690848607, 85.35816647286609], [16.15113882995132, 85.89210616388857], [15.603872513520177, 85.54681800026032], [15.91800389060929, 85.666452553027], [16.16367272339897, 85.54126518059823], [15.923420233479131, 85.58354030098747], [15.625712353602053, 86.00862737796075], [16.23788039533479, 85.29302587758], [15.731192665354083, 85.51689095014675], [15.567640983238197, 85.5995909795001]]"
47,17.16,85.74,"[[16.86640973889, 85.46247421754875], [16.91997142190913, 85.78024932497122], [17.65886680928263, 85.4034058558088], [17.245701133942497, 86.12738808879331], [17.62370722925306, 85.27704847482258], [17.238959050704782, 85.32754080510894], [16.883704762736116, 85.95644870710768], [17.29761985140079, 86.06541212123783], [17.580481460160183, 85.48877338997107], [17.34360707307106, 85.76605502204609]]"
47(1),16.7,90.6,"[[16.392449694532704, 90.54896540953374], [16.914560452137508, 90.92513753075715], [16.822822930093167, 90.33717966278579], [17.09546233629122, 90.58291019168824], [16.492622327439094, 90.85823979127082], [16.749043723920956, 91.02715801609484], [16.572959860166407, 90.2964647389904], [17.065834784822627, 90.40154997527078], [16.45329370461177, 90.91910896288763], [17.040980548648132, 90.72110201221766]]"
47(2),11.89,61.89,"[[11.919038712487925, 62.08327800943761], [11.635100567506415, 62.24233243801501], [12.280126301416686, 61.68419430585858], [11.944285134806902, 61.86169906219893], [12.168095344116333, 62.228799246173395], [11.651834829323443, 61.498743031807514], [12.028168395950612, 62.04297645359922], [11.610823378332448, 61.69432700681169], [11.503441985963182, 61.7565079901298], [11.98432953811368, 61.55967355382543]]"
47(3),7.64,57.71,"[[7.51782947857126, 58.189548487491415], [7.379520422160296, 57.47929377068288], [7.283034896232674, 57.742296754144455], [7.583298789681919, 58.074421728129224], [7.2635984885718905, 57.43342095885013], [7.678892418652923, 58.12943267488125], [7.545611568188377, 57.663633298821956], [7.993681446987065, 57.687782335155376], [7.206393628990472, 57.93358213667999], [7.146023861149317, 57.31038104493942]]"
47(4),8.4,82.7,"[[8.627329733479195, 82.85313790377597], [7.976473150137945, 83.15310431160492], [8.110446274340932, 82.60155509584013], [8.628747056643762, 82.47204810118066], [8.203762008906905, 82.72357985557888], [8.770128996895128, 83.02113815603326], [8.090276456108171, 82.28840168680419], [8.252154699874, 82.99076514560542], [8.61376404037121, 82.7843403076753], [8.661826035960006, 82.96453214673471]]"
48,17.57,70.87,"[[17.77492876818279, 71.22793266514962], [17.562579138328367, 70.71800385533203], [17.315871803372612, 71.12980768264016], [18.0483805678635, 70.61464713363041], [18.05218508509936, 70.82849448919094], [17.593024920824583, 71.00983219722274], [17.249592356843223, 70.47921391819207], [17.16569967462286, 71.04194798119495], [17.331738812165824, 70.68627658184869], [17.49395946298211, 70.46911538212598]]"
48(1),10.2,56.6,"[[10.576167496682924, 56.17488596252837], [10.251667758285866, 56.66056488072543], [9.926918054061197, 56.436552297144985], [9.853676411007546, 56.25571470315088], [9.959069161138338, 56.16997310884113], [9.889441476983544, 56.216590631333034], [10.308285232517646, 56.54433703224149], [10.316163250846316, 57.025603050029375], [10.04364170879963, 56.77634520964962], [9.960041288252375, 56.299306114828816]]"
48(2),15.68,82.11,"[[16.063211339229888, 82.55687053916836], [16.122401261768772, 82.28139836271957], [15.656740280669474, 81.77620726191213], [15.759124193304112, 82.27898385618717], [15.4161168464877, 81.65071392488213], [16.090594976924397, 82.17389718906554], [15.93230753351215, 81.84960193341558], [15.42829943710168, 82.02213030914153], [16.106629957295816, 81.82300998669113], [15.624059490531945, 82.54390484671559]]"
48(3),15.35,85.05,"[[14.930168315879877, 85.5082921292884], [15.277623838059887, 85.07153897247656], [15.334228840227075, 85.0094382756756], [15.814405292578094, 85.1067165894841], [15.672403781801888, 85.45953476528334], [15.045196278843012, 85.30514676546136], [14.976554745215944, 85.50546454770793], [15.218330998411792, 84.70905567718309], [15.057011855072053, 85.2163721091748], [15.630357349358754, 85.01216978727041]]"
49,12.37,88.3,"[[12.408572588817671, 88.08725807266403], [11.903726413341758, 88.24418995776011], [12.702982250738788, 88.34824979171522], [12.68998798619158, 87.86580755635559], [12.404686650581516, 87.81203239843786], [12.557369965566227, 88.18811931693484], [12.742919864326069, 88.3751354430989], [12.005937631859743, 88.4642257423724], [11.91525954080559, 88.6807074087247], [12.139508226948497, 87.8135436932912]]"
49(1),14.58,71.21,"[[14.618838761597829, 71.4707732766308], [14.605267338128172, 70.94485295606499], [14.128578974710885, 70.79278817454178], [14.445486250691292, 71.64786489741489], [14.687015523884048, 71.13778952634839], [14.246826229923885, 71.43263540236563], [14.093240648893815, 71.19738624827235], [14.312732588959504, 71.03376663713148], [14.621899671185966, 70.74369408733068], [14.588503991622051, 70.938876511243]]"
49(2),22.8,64.75,"[[23.057479801862787, 64.63312772409692], [22.82696033277148, 64.8559833462428], [23.015901861635605, 65.15204810800344], [22.7467921898829, 64.86856574456013], [22.760856895427917, 64.52229700387062], [22.693515898273436, 64.36419343232501], [22.49107515944245, 64.80784345887375], [23.28265112558732, 64.33709477599547], [22.996012163329798, 64.38089948841223], [22.65827302701736, 64.61763124900584]]"
50,11.85,91.45,"[[11.611219061370118, 91.10440015683312], [12.12684511337367, 91.28037154380635], [12.027989222782757, 91.94707483830233], [11.454314826403621, 91.53652849069562], [11.855444745310312, 91.90844585107078], [12.087620177938923, 91.44109898802317], [11.6295933613237, 91.82312243806403], [12.177424229598232, 91.60426944041977], [11.609284477511043, 91.45685054369552], [11.84998603002455, 91.75730652118007]]"
50(1),14.62,70.83,"[[14.308617196125104, 70.55089825849731], [14.829679212034986, 70.6495273425754], [14.479729603041775, 71.19066638128116], [14.588141968509223, 70.46681574549976], [14.77395342933417, 70.85235387165326], [15.044635652179323, 71.17638448409578], [15.006941409659968, 71.06890154150885], [14.505846176603349, 70.6910250885068], [14.570492295304845, 71.11144200766398], [14.209396987574392, 71.19045949226334]]"
50(2),22.23,64.35,"[[22.35096792685646, 64.56149431162288], [21.979978965032817, 64.3420691186955], [21.892314418021538, 63.97194895529304], [22.14433473681041, 64.09629614539405], [21.89554225130339, 64.18611052801214], [22.331027991313324, 64.25476157183829], [22.108809739343766, 64.6268900816526], [21.996071837654842, 64.80992017376897], [22.500608350696904, 64.77841820983865], [22.341441005791673, 64.46421336699095]]"
51,18.28,62.8,"[[17.88738662389118, 63.05264772514579], [18.729940573490527, 63.289135906294426], [18.05462128612807, 62.522652739117255], [18.243043991271218, 62.65812252982395], [18.465150279958728, 63.066005171141704], [18.663273743408023, 62.93514598101428], [17.832131193235984, 62.46057290574745], [18.007882258957206, 62.49936330392026], [18.161570404316798, 62.52225013799981], [18.397790907612446, 62.75984404424169]]"
51(1),18.01,93.28,"[[17.723203387564915, 93.75181658282514], [18.335968516824344, 93.27508225684609], [18.103880201367033, 93.22811338585032], [18.302186588240044, 92.81410900856659], [17.66214737485653, 93.42534553656034], [18.09634050955422, 93.17669895534276], [17.811745075861964, 93.22192809085917], [18.341902284499778, 92.8252822383579], [18.497469747361713, 93.11665648745704], [18.188889682377425, 93.47005104000066]]"
52,14.18,57.7,"[[13.760490955899455, 57.528558232539986], [14.151338148005077, 57.7602898327746], [14.282480333158025, 57.9237790969476], [14.021040391256335, 57.83183054508549], [14.0557318897521, 57.399114481513855], [14.152478410452325, 57.75333072022953], [14.032618512868591, 57.24663598565615], [14.388454819770523, 57.211099874605985], [13.705408192813623, 58.00509681032342], [14.429586942828491, 57.59308645422756]]"
52(1),18.31,72.83,"[[18.62392361468628, 73.30757253819743], [17.839924237024377, 73.20884245670827], [18.488777696756763, 73.24829586845188], [18.29382678842761, 72.9642349130423], [17.82297180205085, 73.1549149813986], [18.178779917525883, 72.50580281239527], [18.05927313834159, 73.1347862490334], [17.973719341774355, 72.34120282081219], [18.11779039520652, 72.43102242760165], [17.99595935330182, 72.69816213100165]]"
53,12.55,60.38,"[[12.466293295409091, 60.63131181950105], [12.913318566947842, 60.643378850181726], [12.683189725825276, 59.91196569207522], [12.98014614347713, 60.720328125162766], [12.157841579048151, 60.146200416429345], [12.384244827009018, 60.3089643205288], [12.849441347687174, 59.884040140556394], [12.673052467099877, 60.32945584400086], [12.488812913840727, 59.90553671714238], [12.745221629655711, 60.42709735396454]]"
53(1),11.55,83.77,"[[11.72740744573889, 83.49525905082844], [11.369677922216018, 83.35680655060997], [11.484656941968003, 84.1540839679571], [11.15979799832694, 83.47029295282354], [11.736676779265855, 83.97679692029702], [11.074487493451237, 83.6847237411987], [11.26510386054099, 83.3947826267389], [11.964893196494698, 84.05357454889247], [11.168428399985885, 83.61332183999676], [11.272842274483116, 84.25378952432654]]"
53(2),12.9,72.6,"[[13.13467197648222, 72.33514924149908], [13.308158180869748, 72.91578148143812], [12.429352719588652, 72.47919576132], [12.495010918429655, 72.31593249544598], [12.842631381416673, 72.67717327816243], [13.285727435158165, 72.63490901908254], [12.986524826018366, 72.76453338137271], [12.994082579432547, 72.80432979493553], [12.432752714881115, 72.78604223115224], [12.470186227617415, 72.99562004221926]]"
53(3),16.3,89.7,"[[16.319072298134287, 89.98594403860065], [16.755788624287433, 89.65694238412004], [16.027619392127477, 89.48273944843031], [15.991932390490772, 89.65631855239141], [15.992853963107288, 89.27462586925817], [16.011212395168236, 89.30293781886208], [16.059796666881898, 89.86541154786072], [16.396483535805046, 89.94563149942888], [15.986357870368664, 89.7701495934336], [16.391908993794914, 89.86378951317468]]"
54,15.13,53.75,"[[14.74108101458443, 53.94532101818875], [14.74993358665887, 53.900581459571285], [15.604228550272968, 54.20068966848831], [15.485347625593743, 53.26717306300006], [15.189812978177011, 54.082865679855935], [15.625566554311218, 54.12702471680946], [14.899897796818172, 53.59075952408533], [14.961466920852308, 53.29105564525856], [14.992167757097596, 53.49343627204283], [15.282541750149893, 53.88055905185313]]"
55,15.19,84.26,"[[14.795801200046128, 83.78875949461805], [14.915720353731087, 84.27887259997576], [15.101977301951056, 84.4337992808751], [15.453811187983476, 84.6394244701518], [15.00415460958581, 84.05395331165137], [15.306009483438043, 84.32124106326563], [15.352543440518184, 84.19311607792694], [15.41860038240176, 84.11494695397023], [15.032155479124226, 84.04213387766187], [15.498769103455778, 84.33299689761697]]"
55(2),15.63,92.81,"[[16.00793677933991, 93.08976898408645], [15.523939183996175, 92.62581218869529], [15.654257976368514, 92.71196341872108], [15.875101493848438, 92.77242928572218], [15.137350703716749, 92.40969624455961], [15.890241042276045, 93.12292519056102], [15.183651552970472, 93.26343490750469], [16.067168757692684, 93.06592870595566], [15.78710766766096, 92.32295049271315], [15.986668827485449, 93.13186843233424]]"
56,7.73,87.51,"[[8.111772423608787, 87.61910538313138], [7.341752327733841, 87.97708446480794], [7.513961409416761, 87.42382008536242], [7.513253421840105, 87.65420507724818], [7.301792488689948, 87.28934543108892], [7.597822154715717, 87.07797863741611], [8.007565315332833, 87.08207566273452], [8.151386063975277, 87.8677376831645], [8.211171098000381, 87.0943787979546], [7.260638115199522, 87.44452049395085]]"
57,13.68,84.59,"[[13.361033097213372, 84.63850498996574], [13.640165766533922, 84.35562031946513], [13.748159364709107, 84.20701062732101], [14.16246683446459, 84.25098914150547], [13.772929294146186, 84.8860303443112], [13.492627121463672, 84.97709495055656], [13.979809750083525, 84.83147848026009], [13.70904737239902, 84.58264919230913], [13.301366794909802, 84.1413262170437], [13.253194905141266, 84.40330563165037]]"
57(1),11.72,89.41,"[[11.43203320852559, 89.00485692294613], [12.13139698178084, 89.38660375001062], [11.365305651908473, 89.88611466247667], [12.197087443821491, 89.84786044395419], [11.87994198125517, 89.13936635351989], [11.775175149286449, 89.04846158291792], [12.130228288383814, 89.21947855412762], [12.178162828484306, 89.74799692328317], [11.519675904807736, 89.81861344754512], [11.41748904917182, 89.18739496881663]]"
57(2),22.59,88.9,"[[23.044743866809185, 88.75255770763847], [22.737874001941996, 88.81446203241298], [22.152630971508255, 89.38343494757147], [22.299518744900958, 88.7479011647026], [22.963183385170566, 89.35861460570567], [22.37454473794307, 89.13037307240214], [22.095275577265895, 89.37246633809433], [22.954858195395673, 88.54912762030207], [22.69044177217154, 88.81931212399073], [22.677410697235775, 88.44599079605923]]"
58,8.07,87.35,"[[7.674134354520511, 87.33713753953106], [8.53192027715332, 87.40396915539972], [8.04062879965352, 87.73847902183672], [8.354722864369222, 87.73208454069022], [8.461268616480226, 87.81348628563951], [8.091788152085284, 87.65034884841545], [8.41526356506904, 87.72843965487617], [7.8301159197431565, 87.60133814410524], [7.666143385553845, 87.08852586371381], [7.709821862429201, 87.25327324096199]]"
58(1),15.57,84.35,"[[15.728818047206694, 84.82287940497197], [15.876570815584616, 84.21455991020632], [15.882420877567204, 84.62809608773775], [15.638342587113495, 83.88034353865385], [15.120621188012962, 84.47053448173081], [15.55584718848756, 84.67891574801541], [15.73213844557124, 84.84650844583452], [15.756782826518673, 84.39465353562909], [15.291874519562242, 84.39357668966134], [15.72912925105239, 84.81506256024721]]"
59,8.9,85.1,"[[9.329642061556635, 85.49280804939362], [9.209410539791957, 84.82857193097318], [9.17044060810877, 85.44208162249436], [9.378759294913946, 84.86446612651648], [9.357841006167344, 85.41091861125149], [8.56881852870544, 85.39676768094232], [8.417396008777274, 84.84305236500346], [8.428031225527535, 84.65655646640487], [8.42112935325117, 85.53950066812308], [8.929836490028816, 84.67080129624992]]"
59(1),12.09,91.86,"[[11.973996236118886, 91.6234356931672], [12.41719371668777, 92.10624223359196], [12.023698575633198, 91.54841819854053], [12.304440200671115, 91.96961722060752], [11.658809281357744, 92.0549256264556], [11.772479985832383, 91.90394187010915], [12.1730450108738, 92.10957761785207], [11.929927966337377, 92.22074248251563], [12.372047147818611, 91.87598239595945], [12.085503223757408, 91.93374490964693]]"
59(2),13.96,83.92,"[[13.884416165096791, 84.3112031377182], [13.928104138973314, 83.62879519301684], [14.348971734993878, 83.8901303322893], [14.259376827466264, 83.49541958551274], [13.53143128161578, 84.22328999112904], [13.82745836532175, 83.4415707053943], [14.199224639434473, 84.26422479404152], [13.828214377557996, 83.69977261232711], [13.476304229048143, 83.8252276861363], [13.65391839780283, 83.4354585598766]]"
59(3),10.55,72.98,"[[10.27724541815276, 72.9647280400588], [10.111922810441783, 72.96549927142613], [10.925050359278769, 73.12026422173102], [10.972758348764202, 73.24169544374253], [10.097106767415415, 72.52873313376766], [10.441520652457811, 73.0107653479985], [10.668378011955388, 73.43243931358585], [10.211935197977242, 72.49610568890131], [10.429195404430814, 72.7129889884062], [10.834675642344417, 73.25157357685096]]"
60,15.23,88.21,"[[15.088706047763337, 88.60024758605866], [15.035722160617306, 88.16766691593882], [14.904900135047587, 87.98902579634826], [15.470018547505784, 87.95261133178026], [15.205623933424144, 87.87122591824497], [14.73182313392084, 88.51466570854683], [15.186524279477942, 87.71254853977142], [15.154518919728126, 88.35661109013631], [15.449469717891592, 87.93742599757182], [15.169153465696656, 88.23706421328552]]"
60(1),15.02,83.57,"[[14.551023751861393, 83.58733814347646], [15.21480383593628, 83.21552774710028], [15.195348880594935, 83.54412518689551], [14.752361087443624, 83.57901365597408], [14.997430818546528, 83.18961410859485], [14.5746479142544, 83.09288016082607], [15.056165355217729, 83.4079367714608], [15.130081927720669, 83.77358236223309], [15.34660918266997, 83.889101784157], [14.5686081553698, 83.62432126960896]]"
60(2),18.51,90.26,"[[18.827220305639504, 90.37743274186488], [18.0949279329264, 90.23578729970797], [18.649596576839077, 90.20517712119077], [18.821773965505148, 90.081036272341], [18.33077129759428, 89.78717079996234], [18.511199575091286, 89.83352927535645], [18.823034649819064, 90.26054031874472], [18.6786686210845, 90.05547401079532], [18.719306887246105, 90.46690884286298], [18.715865974287674, 90.22119488813402]]"
61,8.41,73.62,"[[8.818384556590917, 73.47755365076262], [8.83367645105328, 73.83562374717846], [8.707759472310178, 73.34557869842898], [8.64812354449422, 73.63625921325057], [8.03625066628225, 74.00672780723498], [8.308494609794707, 73.5268256359125], [8.851633425412544, 73.33844290782235], [8.04934754663412, 73.57041284649127], [8.80790750700684, 73.85397899522324], [8.351119486007235, 73.92161520021503]]"
61(1),12.77,49.86,"[[12.841817797908009, 50.18447438793679], [12.506958123469392, 50.02018602037797], [13.153890460675948, 49.774400455271675], [12.975200034870506, 49.73468487777015], [13.212904841672481, 50.24252305683998], [12.641552549816684, 50.06910376317253], [12.759200327016817, 49.87968972834678], [12.625895462022203, 49.880450024565235], [12.611010410799429, 49.95393160826597], [12.851555425943689, 50.077665613723546]]"
61(2),12.37,84.56,"[[11.97076037839841, 85.01368353099055], [12.861910906375075, 84.37413129966983], [12.845861939502962, 84.197028285084], [12.0156983875109, 84.4287980140323], [12.14656976363198, 84.73763643915227], [12.127849201764533, 84.47787549671187], [12.709639620920681, 84.87622408388663], [12.4510457364096, 84.08572532900409], [12.367258517886604, 84.09292354053781], [12.484588609560552, 84.39353017501864]]"
62,14.6,56.55,"[[14.566578109874143, 56.833079712580805], [14.673792853985315, 56.83008671340357], [14.244548538668054, 56.39975076141693], [14.523103888262458, 56.93294764278956], [14.998369113632517, 56.545062049198066], [14.583423083925462, 56.87182704723844], [14.85155189539152, 56.1203171404399], [15.025597710741163, 56.62300244888648], [14.11750227666186, 56.566171104386434], [14.804853615666927, 56.72102286048447]]"
63,12.74,55.85,"[[12.741133013903784, 55.75743764309966], [12.365267983797757, 56.088378257678734], [13.073454774724738, 56.3034383548839], [12.553534831504185, 56.32506745752681], [12.338152915250062, 56.08723126539749], [12.677008592965464, 55.44027056818005], [13.184871627542584, 55.97896708775254], [12.77252620355973, 56.113126105131805], [12.307791347183256, 56.042904146951024], [12.49563669445487, 55.352722535341954]]"
63(1),17.1,92.33,"[[16.73155843767143, 92.10375815383307], [17.13510997034322, 91.98284604435378], [16.963684479653885, 92.66759410818914], [16.64257851220375, 92.81783237902215], [16.94577263264188, 92.72465117076788], [16.996220415366185, 91.91714486675772], [17.334065549305016, 92.76230422384688], [16.73600618087492, 91.98930419321641], [17.349538580414908, 92.09559334213418], [17.17472296705405, 92.02600808200414]]"
63(2),8.79,88.03,"[[8.497923246709743, 88.3042101237931], [9.065929128007323, 88.2941800962527], [9.130485459412629, 87.53301006274083], [9.172243224876622, 87.82070949416489], [8.374389751342292, 88.47877509314726], [9.04065887838619, 88.50897247201398], [8.424638613305179, 88.27962667464573], [8.628945618077879, 88.04579198353409], [9.14363264420703, 87.91585360466463], [8.441457604435538, 87.6534459219292]]"
64,15.5,73.3,"[[15.573137163365807, 72.81022476970527], [15.834655946047263, 73.18252362804449], [15.95769136388753, 73.5490300720482], [15.622370682547661, 73.03146216105198], [15.281988426846855, 73.22389743625214], [15.506798734110754, 73.10693081310794], [15.639295654147817, 72.94003026624364], [15.247940474589642, 73.4867977233351], [15.719323813677395, 73.50710340072423], [15.971646731384078, 72.993675696014]]"
64(1),20.18,89.6,"[[20.087087050254095, 89.77708057168762], [20.106022207583806, 90.0391890632901], [20.361311677633037, 89.60609835299087], [20.537338963370765, 89.79337136290758], [20.665921146385983, 89.41141202097192], [20.505671643368423, 89.3687438385331], [20.22535924346067, 89.82946812731927], [19.926634749763874, 89.55110247481315], [20.307264274611097, 90.02499664076001], [20.480834080934727, 89.92007400879443]]"
64(2),14.51,58.38,"[[14.446022694528711, 57.961826128873135], [14.724644582503716, 58.002946719126896], [14.528978292879238, 58.67688896372], [14.658974711501793, 58.21382969932341], [14.14943938588269, 58.20414609466838], [14.026270510431791, 58.364149492995956], [14.979686524643057, 58.77577645030467], [14.627445672771907, 58.428608492856355], [14.950669068474564, 58.67925422451045], [14.22413452853896, 58.41628042470602]]"
65,17.07,86.91,"[[16.833307272739045, 86.78113906501797], [16.856974415557666, 87.14883252353683], [17.30609950566553, 87.17786182137651], [17.1041710848726, 86.87707354538003], [16.64257852002036, 87.28102820108614], [17.24753966042853, 87.1536483539959], [16.640973685196588, 86.80815706040677], [17.2017495394494, 86.80379526745156], [17.245321952780856, 86.9121300928403], [16.81748089783749, 86.48652150411567]]"
65(2),12.3,88.74,"[[12.431412859201208, 88.30742546829265], [12.40162274866784, 88.26888444104418], [11.84982636654685, 89.11926221349003], [12.476383176430494, 89.06102367674258], [12.206459325698798, 88.38764296808768], [11.987331886869482, 88.75395781196131], [12.675125415087134, 88.79808945128475], [11.844085815875054, 89.16796956638045], [12.062243604573572, 89.22921794101815], [12.656920847174893, 88.54207365481606]]"
65(3),15.13,53.75,"[[15.139573090637482, 54.21412528469337], [15.465001499664393, 53.53212809630887], [15.169683734047062, 53.47369809546336], [15.523471063338306, 53.93080448696161], [15.233369415469813, 53.809389656764985], [14.965034910061132, 53.81926774534238], [14.85879754400792, 53.75904097177356], [14.83784804367982, 53.287911345342714], [14.983678526796371, 53.47152778283771], [14.931354314104947, 53.44450133385734]]"
67,23.83,62.65,"[[23.763606422816498, 62.86241267796453], [23.993374875692144, 62.2829544348143], [24.07092434573453, 63.06923411526748], [23.982285622237814, 62.78578731406498], [23.882733987861133, 62.776895855904286], [23.363271044047327, 62.64989656990142], [24.068296988509232, 62.6335638907872], [23.53319981501579, 62.88577412695066], [23.974120367772095, 62.382338664438116], [23.480958773173327, 62.31196028802151]]"
67(1),18.2,88.0,"[[17.73948135295679, 88.04819728680974], [18.56643696729246, 88.01580570545653], [18.226735028103604, 88.40622327425388], [18.04076034503484, 88.05108270858638], [18.518988579958712, 87.93787413504126], [18.198496541390515, 88.15171892991847], [18.60926804775478, 88.16584783273846], [18.628019334820273, 87.95121329819273], [18.67041402573799, 87.63323836714127], [18.575661283160574, 87.74460624091518]]"
68,20.36,64.63,"[[19.915824761369638, 64.31195060182681], [20.31128175831392, 64.63127307945757], [19.991156189984853, 64.30874099554106], [20.4574698005565, 64.83163249753822], [20.022621396423908, 64.6468886660968], [20.360409268415996, 65.06107039071125], [20.788725116848173, 64.66004571969906], [19.897473565838602, 64.9609985555449], [20.51768635356285, 64.55077259874811], [20.30086384529657, 64.65093682457265]]"
69,20.36,64.63,"[[20.620470761922103, 64.56949292039751], [20.639752028859462, 64.96767001419026], [19.99439809099211, 64.41654459532053], [20.625687289451534, 64.26698544871388], [20.041002079563572, 65.02337943404687], [20.478854428842887, 64.29591947779507], [20.579726976102208, 64.62909989843021], [19.96441683786992, 64.9983904278278], [20.454033451210506, 64.87936366380066], [20.342562899659605, 65.00681082196797]]"
69(1),17.25,90.75,"[[16.93466575844649, 90.92962174283538], [17.210561331625946, 90.42858653790974], [17.034168738877646, 91.0025982492776], [17.14915968304872, 91.00369500376823], [16.782108150877406, 90.96244143543774], [16.888488918354888, 90.79925793737559], [16.79608485398927, 90.39158377393048], [16.84474627134427, 91.05971311000044], [17.075798007777024, 91.11123180812825], [17.45724528628509, 90.89531690399242]]"
70,14.18,59.02,"[[13.76334120164686, 59.44350524796752], [14.599247795728616, 59.325291390613984], [14.658013662739293, 59.48724180589515], [13.80498183770762, 58.530894951472206], [13.796458760804752, 58.83323847157324], [13.889585552874616, 58.70211243990285], [14.297962341272651, 59.439474769355094], [13.957771815844666, 58.98142376441228], [14.004253122001034, 58.73652666514921], [13.921550814645958, 58.89222248028892]]"
73,10.8,82.2,"[[10.409523588280967, 82.59601003231859], [10.855858986974093, 82.31627086299228], [10.676326167618374, 82.36663021961776], [10.741140621856333, 81.77580404261565], [10.777196799274272, 82.30949276925178], [10.612605221684444, 82.05354752584233], [11.07739606185049, 82.41144635732242], [10.405225882034514, 82.40716200278706], [10.340158573374984, 82.53544594197193], [11.201789931572186, 82.0875226643949]]"
74,15.15,72.9,"[[15.112839290746756, 73.2294331634016], [15.548462332042156, 72.49118631000204], [15.26062145995262, 72.90567033181523], [15.025945821425623, 72.73658131175], [15.246677619464164, 73.17679083829289], [15.372938531099551, 72.47998623355323], [15.601760824943865, 72.68846646626831], [14.905661479606298, 72.63904737238006], [14.940279038423421, 72.47664054932902], [15.619683757139006, 73.30469068722523]]"
74(1),12.74,80.98,"[[13.205599683905566, 80.67300552350832], [12.428100725684372, 80.82626700841567], [12.72760215643038, 81.03410941059428], [13.220951041003918, 81.17976767974781], [12.807266412989161, 80.87425186105143], [12.918555658780878, 81.39528519715253], [12.671129642807617, 81.46727516155629], [12.690823837716058, 81.30913497334772], [12.763668534888037, 81.38297735746849], [12.899084041188074, 81.01354940238504]]"
74(2),18.9,88.5,"[[18.889734287802728, 88.72657855977802], [19.17434863722187, 88.91364119510608], [18.46747949525317, 88.3315415014418], [19.052032354661183, 88.22667871769062], [18.81177095794239, 88.5519476698401], [19.38356427284322, 88.9913989968649], [19.252207168674616, 88.33438193536598], [18.95181169724472, 88.47142440092713], [18.652795520556197, 88.70479886463089], [18.996769040072884, 88.5995425581664]]"
75,15.8,69.6,"[[15.53909921681366, 70.08330661628335], [15.40404095138254, 69.16222071753639], [15.483353417839952, 69.59909026553123], [15.895301532404805, 70.00832118744208], [15.920318861068363, 70.01213015732029], [15.988057521108432, 69.29523531146704], [15.707028472210059, 69.8383126594958], [16.08371223937952, 69.46294661261857], [16.150234818559547, 69.88605662850367], [15.953038094710358, 69.26395223034349]]"
77,11.4,55.67,"[[10.951270720265265, 55.804749000669005], [11.82506929779133, 55.820002093407304], [11.255741524498548, 55.23283047157328], [11.706066322775408, 55.232548249462454], [11.782423582562705, 55.93943929153649], [11.334554452357583, 56.15416106082244], [11.160997339295067, 55.82383593373079], [11.837593562384857, 55.55773125514751], [11.715210130391718, 55.51412335909363], [11.36035909592771, 55.21368961165341]]"
77(1),14.6,62.2,"[[14.397665070855027, 61.924626632587], [14.41908522662546, 62.04406082617874], [14.991205498438601, 61.88880002084104], [14.786794346308946, 61.91566551649559], [14.645217169292952, 62.08228442167571], [14.467343344280954, 62.21661057177882], [14.186396325446074, 62.199860251921145], [14.96507052362013, 61.71012021147454], [14.326469537013491, 62.47837281832129], [14.849549893666898, 62.243746275402984]]"
81,17.83,70.11,"[[17.94018314882292, 70.21439030117028], [17.841160381379993, 70.43025258741928], [17.805194481581946, 69.729988153221], [18.31781461209329, 69.6631077706729], [17.930160782225986, 69.67487524180905], [17.838811127593406, 70.11905840657799], [17.972651956160437, 70.51842398131805], [17.410941159965144, 70.10302704718815], [17.87538317365753, 70.02611772402926], [18.067150893390732, 70.47977779863307]]"
81(1),16.45,72.65,"[[16.11858348182523, 72.32400838357515], [16.663571073115552, 72.96823550385452], [16.217636750226823, 73.0749620135951], [15.950718732820883, 72.77849503558781], [16.761192155699796, 72.56329805176314], [16.343051642791764, 72.73152462967813], [16.72407020481656, 72.85550566929749], [16.01837606065587, 72.16469244263556], [16.78169901636298, 72.29584337344504], [16.721176914492414, 72.51491001165267]]"
82,13.37,86.83,"[[12.959191560070295, 86.97239031301575], [13.122146670845744, 87.14913021207589], [13.860016032109995, 87.32457930993517], [13.835659104511391, 86.68039809756868], [13.766403585758875, 87.03166787913523], [13.440603931590404, 86.86798758756214], [13.539293835310874, 86.48174890379286], [13.230664808685988, 87.01617179533632], [13.189944112998793, 86.72211487546718], [13.812750719187939, 86.8458437495165]]"
82(1),14.8,90.3,"[[15.00997450959689, 90.213540605169], [15.099947937696678, 90.6306274346834], [14.936338475272933, 90.02990919194806], [14.562544618987497, 90.16018253082612], [14.762528349280956, 89.85111842622936], [14.509361986102423, 90.12460036832644], [14.478586822873707, 90.25223849315988], [14.601199555013507, 89.95175498331945], [14.42447296410269, 90.00841852340376], [15.247366010864038, 90.09510651285426]]"
83(1),20.66,69.02,"[[20.54671455587116, 68.89682693258773], [20.266965151912117, 68.78435570801467], [21.084598211219742, 69.19345755973599], [20.165830003387562, 69.04115483006049], [20.640121524261364, 68.74319541813684], [20.571723165184423, 69.00171711685697], [20.64001334277314, 68.97163472008181], [20.33942664032367, 68.73194357001367], [20.353181071686762, 68.67982641822849], [21.10854879110337, 68.76723690241649]]"
84,13.16,51.9,"[[13.247940535220714, 51.56237104140125], [12.952441205338305, 52.066035447713006], [12.861201507217327, 51.56658970856719], [13.238436359771981, 52.282353408827106], [13.291599634138432, 51.561470384732786], [12.999738195738724, 52.333863834588115], [13.33903011867971, 51.996101724483275], [13.487215402394558, 51.93258320681661], [12.732028077374974, 51.52392580765314], [13.040668317142957, 51.89344799047118]]"
84(1),14.77,68.57,"[[14.84654699137855, 68.34544109113234], [14.92551172211623, 69.06335958494661], [14.726376894454873, 68.30871715682456], [14.605080541191265, 68.66142773659514], [15.075207739097625, 68.21887787684999], [14.334987650386708, 68.36272227441191], [14.850725331253528, 68.25682204803907], [14.74387927669369, 68.99682216302911], [15.192209910578997, 68.38934835017571], [14.681711338769563, 68.27768932772653]]"
85,19.8,71.3,"[[20.174472630879183, 70.8094982947283], [19.902480397454145, 71.69659383842912], [19.638694125788913, 71.11435795967188], [19.61468845324875, 71.50711672064575], [20.230375930641568, 71.12220931838333], [20.115422971879255, 71.12129108545601], [19.958346572017312, 71.62154782974048], [20.050055050364335, 71.1237496785605], [20.16439097440387, 71.07258634528824], [20.273454580920646, 71.05827676503955]]"
85(1),13.16,51.9,"[[13.325139506931267, 52.06729768432487], [13.422494138707725, 51.70677876719686], [13.44635541794754, 52.313144331175934], [12.834765335723194, 52.08865761796906], [12.906652113682851, 51.84954813424769], [13.444351221267361, 51.79389475769128], [12.799897971152312, 51.95189360233758], [13.48468116161088, 52.158143645017745], [12.739197811585242, 52.121200319556124], [12.925214816250515, 51.83429132639328]]"
85(2),13.88,68.3,"[[14.199109404983234, 67.81321531516448], [14.206071172869889, 67.92695386429628], [13.749978630765364, 68.48755139152887], [13.743894886093784, 68.73001872406296], [13.740696970753772, 68.08680225820447], [13.816354913510908, 68.41955220491107], [14.016956848278914, 68.12785588864662], [13.418101012651027, 68.5968585655064], [13.653904784576108, 68.31563863221672], [14.321228161722273, 68.1961716969802]]"
86,18.98,61.94,"[[19.207784750357636, 62.04797930681656], [19.17842007943153, 61.6642441091204], [19.35239825152601, 62.17843495810964], [18.536835904663025, 62.081483000815865], [19.408197419069637, 61.723405733533994], [18.677332663407974, 62.16437878475652], [18.89798262364752, 61.637963961139874], [18.977546182105666, 61.95419650266564], [19.149469041082586, 61.473032981359914], [18.901605079932594, 61.61224809225378]]"
86(1),18.98,61.94,"[[19.181391590110795, 62.35406515601106], [19.25235024100625, 61.89014041896283], [19.068817146441685, 61.72280535605301], [18.67021001603576, 61.707102957433015], [18.806525604750025, 62.380252833726686], [18.650719577417316, 61.53288867740055], [18.656475489509308, 62.095293017899614], [19.47747537011653, 62.27191642332198], [18.68242834372879, 61.5298798287355], [19.28159809891765, 61.510785024435556]]"
86(2),15.8,86.3,"[[15.483926789905027, 85.8633792294311], [16.208176584182027, 86.2910174793838], [15.450335152404566, 86.58460317127434], [15.854923492754546, 86.4605102913804], [15.568578598673048, 86.12498647431693], [15.46843023886664, 86.73775876201857], [15.62850403024532, 85.82369209168196], [15.621198030510595, 86.13545921412708], [15.373945490467033, 86.54716811146271], [15.58974412459252, 86.08848952047649]]"
87,14.47,61.3,"[[14.112575949372774, 61.07310366414901], [14.45038601866607, 60.81960062738999], [14.397075455505789, 61.36573555576015], [14.134055827364143, 61.59013190558472], [14.513616928489178, 61.03100159339145], [14.429028792786438, 61.06921698970733], [14.67885352649703, 61.20661629864326], [14.176227441844611, 61.427437815031496], [14.930484268173327, 61.57583743262793], [14.433518535300268, 60.8587735638101]]"
94,14.1,59.1,"[[14.106188501992747, 58.993061191402035], [14.406364085880728, 59.57219228585316], [14.182605168634753, 59.09839477830959], [13.995184389450829, 58.870190361200336], [13.998973795704808, 58.707237889789354], [14.061076588843632, 59.31594089734121], [14.071392962857953, 58.72845666060906], [14.558357755314539, 58.74166800397943], [14.369354444582498, 59.41864057682963], [14.491424093271243, 58.9984061930707]]"
98,13.6,56.4,"[[13.334174220100744, 56.01744745580113], [13.105126461914592, 56.058947145199234], [14.081514360234038, 56.127928645493306], [13.891435792449224, 56.148120811392616], [13.11446854285057, 56.25913289478617], [13.596974786290605, 56.85358825459086], [13.502294369065877, 56.17892124352461], [13.417174318065133, 56.42189846775802], [13.855465376301527, 56.65770345188787], [13.13847656719943, 56.799517671401034]]"
99,9.05,71.51,"[[9.154173363488002, 71.89944888491239], [9.375054932216502, 71.13530876897875], [9.261033787139915, 71.5216996619925], [9.517810582221731, 71.16896573414984], [8.905935086431532, 71.76755780598367], [8.679340570342088, 71.42301260022782], [8.887111627877465, 71.19282442101093], [9.316515866128334, 71.13468893113617], [9.47104923249558, 71.95411706670137], [9.491399477576927, 71.83889339486636]]"
101,18.9,71.4,"[[19.38586553749834, 71.53855043586599], [19.109860594447735, 71.41691797507427], [18.651163333152926, 71.78349336672868], [18.53481334494067, 71.39861362531913], [18.741495658211125, 71.88667495823135], [19.368422905289897, 71.29141600006534], [19.157703445239466, 71.83404093790644], [19.176722532497696, 71.83960897923419], [18.62945460825942, 71.77834405263206], [19.176534660476555, 71.35963134350527]]"
102,20.91,91.09,"[[21.1417680637574, 90.9964042406385], [21.34063299860512, 90.93614430739568], [20.897067123627394, 90.91572504575969], [20.87028795554879, 90.89856619029993], [21.369519868634445, 91.25962615040271], [21.25736595534858, 91.2318006059051], [20.69516718055035, 91.34279491569697], [21.22602580386932, 90.7975186247067], [21.18443511030379, 91.39578058668894], [21.108796160261658, 91.00395051001938]]"
106,16.32,83.91,"[[16.69680311258304, 83.85715207757856], [16.017390919846562, 83.4774901861304], [16.55100354091696, 83.60307488473046], [15.866516690103921, 84.0994460321893], [16.18123246377857, 83.61683460278209], [16.64727087566851, 84.1218590440517], [16.63681119493946, 84.16104256946936], [16.131709247986883, 84.33246497531918], [16.35559570082511, 84.22268508394393], [16.201024712913252, 83.74941850819052]]"
111,21.12,68.38,"[[21.031819601270808, 68.51816369939758], [21.4438458655416, 68.27987529167865], [21.5814882885543, 68.58885234103845], [20.937848055401908, 68.56321746575289], [20.89012340877465, 67.92053763099342], [21.473009391979996, 68.08663052783996], [20.875181360162827, 68.60752799352997], [21.124398765073654, 67.8845616077863], [20.971794669714992, 68.41517154136227], [21.12533534184805, 67.90651196808678]]"
112,12.59,85.47,"[[12.97447000422171, 85.78070928530249], [12.53151300888819, 85.47392855672427], [12.699729144861832, 85.17399027192238], [13.070257753942208, 85.53447033514242], [12.972355050191604, 85.1019898160827], [12.946941551174596, 85.13570349830486], [12.882807909438027, 85.76921681602644], [12.272619828306343, 85.3133014223275], [12.83942355099149, 85.64512933399467], [12.63254031763935, 85.05275466004245]]"
115,12.32,85.91,"[[12.755284716568811, 85.4466750587421], [12.337154168200483, 86.2816401243565], [12.033199572842818, 85.55285816850815], [12.72573784158282, 85.59814892699623], [11.837347201824752, 85.48952166526207], [12.01684344731323, 85.92201873688313], [12.520490150418647, 85.55220628758269], [12.169969795138414, 85.91099241006772], [12.630409485020392, 85.6336386488289], [12.684771244916831, 86.26544955869227]]"
118,17.95,85.9,"[[18.445596571429597, 85.63547935294875], [18.152095842005675, 86.3434038671236], [17.97814358784359, 86.34475637720529], [17.58933997517342, 85.68560633141486], [17.990393853788188, 86.10435870788271], [17.756221078831274, 85.7024270561823], [17.628833472647653, 86.22267077620359], [17.699386014983027, 86.05884601537048], [18.05905886497214, 86.21668111160031], [17.86309709301337, 85.4698168276524]]"
119,17.9,86.2,"[[17.54495416502126, 85.732121571678], [17.622069682145966, 86.6677088353006], [17.566616677632645, 86.06770252087979], [17.61577456356198, 86.42448119732681], [17.741924503648278, 86.21870886162579], [17.736969459842943, 85.77515995345796], [17.847999083993205, 86.01499264986198], [17.54511010254145, 85.9439649722972], [17.696870718584307, 85.9530639521412], [17.550127506705746, 85.89306176197792]]"
128,13.48,55.74,"[[13.85908769398714, 56.01881816874891], [13.835661584220448, 56.012611940300474], [13.405373839092553, 56.06260455652363], [13.859815678777988, 55.41488225385313], [13.080552752864259, 56.04344110132622], [13.31586148023201, 55.76193454950149], [13.499215595041173, 55.585245095649654], [13.040193647826424, 55.63838558195545], [13.855113243269113, 55.653116568675415], [13.034390563835279, 55.98148615889743]]"
